Description,Word No.,Valence Mean,Valence SD,Arousal Mean,Arousal SD,Dominance Mean,Dominance SD,Word Frequency,Spanish_GT,Portuguese_GT
grin,773,7.4,1.87,5.27,2.64,6,1.86,13,sonreír,arreganhar
honest,210,7.7,1.43,5.32,1.92,6.24,2.13,47,honesto,honesto
gripe,774,3.14,1.56,5,2.19,4.67,1.79,.,queja,agarramento
honey,792,6.73,1.7,4.51,2.25,5.44,1.47,25,miel,mel
guillotine,196,2.48,2.11,6.56,2.54,4.64,2.63,.,guillotina,guilhotina
honor,211,7.66,1.24,5.9,1.83,6.7,2.04,66,honrar,honrar
guilty,197,2.63,1.98,6.04,2.76,3.09,2.22,29,culpable,culpado
hooker,793,3.34,2.31,4.93,2.82,4.73,2.48,.,prostituta,prostituta
gun,593,3.47,2.48,7.02,1.84,3.53,2.72,118,pistola,pistola
hope,794,7.05,1.96,5.44,2.47,5.52,2.2,178,esperanza,esperança
gymnast,515,6.35,1.79,5.02,2.2,5.31,1.79,1,gimnasta,ginasta
hopeful,212,7.1,1.46,5.78,2.09,5.41,1.92,12,esperanzado,esperançoso
habit,775,4.11,1.77,3.95,2.11,4.3,1.79,23,hábito,hábito
horror,213,2.76,2.25,7.21,2.14,4.63,2.7,17,horror,horror
hairdryer,561,4.84,0.84,3.71,1.75,5.57,1.27,.,secadora de pelo,secador de cabelo
horse,214,5.89,1.55,3.89,2.17,4.67,1.6,117,caballo,cavalo
hairpin,776,5.26,1.45,3.27,2.41,5.05,1.32,1,horquilla,grampo para cabelo
hospital,215,5.04,2.45,5.98,2.54,4.69,2.16,110,hospital,hospital
hamburger,777,6.27,1.5,4.55,2.14,5.32,1.21,6,hamburguesa,hambúrguer
hostage,216,2.2,1.8,6.76,2.63,2.83,2.32,2,rehén,refém
hammer,198,4.88,1.16,4.58,2.02,4.75,1.88,9,martillo,martelo
hostile,217,2.73,1.5,6.44,2.28,4.85,2.58,19,hostil,hostil
hand,778,5.95,1.38,4.4,2.07,5.35,1.49,431,mano,mão
hotel,795,6,1.77,4.8,2.53,5.12,1.84,126,hotel,hotel
handicap,779,3.29,1.69,3.81,2.27,4,2.24,6,handicap,desvantagem
house,563,7.26,1.72,4.56,2.41,6.08,2.12,591,casa,casa
handsome,199,7.93,1.47,5.95,2.73,5.19,2.22,40,guapo,bonito
hug,218,8,1.55,5.35,2.76,5.79,2.41,3,abrazo,abraço
haphazard,780,4.02,1.41,4.07,2.18,4.29,1.67,2,al azar,casual
humane,796,6.89,1.7,4.5,1.91,5.7,1.91,5,humano,humano
happy,200,8.21,1.82,6.49,2.77,6.63,2.43,98,feliz,feliz
humble,219,5.86,1.42,3.74,2.33,4.76,2.25,18,humilde,humilde
hard,781,5.22,1.82,5.12,2.19,5.59,1.63,202,duro,difícil
humiliate,797,2.24,1.34,6.14,2.42,2.6,1.94,.,humillar,humilhar
hardship,782,2.45,1.61,4.76,2.55,4.22,2.4,9,privación,dificuldade
humor,220,8.56,0.81,5.5,2.91,6.08,2.14,47,humor,humor
hat,783,5.46,1.36,4.1,2,5.39,1.43,56,sombrero,chapéu
hungry,221,3.58,2.01,5.13,2.44,4.68,2.05,23,hambriento,faminto
hate,201,2.12,1.72,6.95,2.56,5.05,2.95,42,odio,ódio
hurricane,798,3.34,2.12,6.83,2.06,3.07,2.18,8,huracán,furacão
hatred,202,1.98,1.92,6.66,2.56,4.3,2.76,20,odio,ódio
hurt,222,1.9,1.26,5.85,2.49,3.33,2.22,37,daño,machucar
hawk,536,5.88,1.62,4.39,2.29,5.5,1.69,14,halcón,falcão
hydrant,564,5.02,0.93,3.71,1.75,5.53,1.3,.,boca de riego,hidrante
hay,784,5.24,1.24,3.95,2.58,5.37,1.64,19,heno,feno
icebox,799,4.95,1,4.17,2.11,5.05,1.05,3,nevera,geladeira
headache,203,2.02,1.06,5.07,2.74,3.6,1.98,5,dolor de cabeza,dor de cabeça
idea,800,7,1.34,5.86,1.81,6.26,2,195,idea,idéia
headlight,785,5.24,1.51,3.81,2.22,4.88,1.47,.,faro,farol
identity,801,6.57,1.99,4.95,2.24,6.4,1.89,55,identidad,identidade
heal,786,7.09,1.46,4.77,2.23,5.79,1.8,2,sanar,curar
idiot,223,3.16,1.91,4.21,2.47,3.18,2.13,2,idiota,idiota
health,204,6.81,1.88,5.13,2.35,5.83,1.91,105,salud,saúde
idol,802,6.12,1.86,4.95,2.14,5.37,2.17,7,ídolo,ídolo
heart,787,7.39,1.53,6.34,2.25,5.49,2.11,173,corazón,coração
ignorance,803,3.07,2.25,4.39,2.49,4.41,2.38,16,ignorancia,ignorância
heaven,205,7.3,2.39,5.61,3.2,6.15,2.56,43,cielo,céu
illness,804,2.48,1.4,4.71,2.24,3.21,1.85,20,enfermedad,doença
hell,788,2.24,1.62,5.38,2.62,3.24,2.36,95,infierno,inferno
imagine,805,7.32,1.52,5.98,2.14,7.07,1.99,61,imaginar,imaginar
helpless,206,2.2,1.42,5.34,2.52,2.27,1.83,21,indefenso,desamparado
immature,806,3.39,1.7,4.15,1.96,4.85,2.2,7,inmaduro,imaturo
heroin,789,4.36,2.73,5.11,2.72,4.8,2.54,2,heroína,heroína
immoral,807,3.5,2.16,4.98,2.48,4.66,2.33,5,inmoral,imoral
hide,207,4.32,1.91,5.28,2.51,3.4,2.12,22,ocultar,esconder
impair,808,3.18,1.86,4.04,2.14,4.09,2.18,4,perjudicar,prejudicar
highway,562,5.92,1.72,5.16,2.44,5.66,1.81,40,carretera,rodovia
impotent,224,2.81,1.92,4.57,2.59,3.43,2.43,2,impotente,impotente
hinder,790,3.81,1.42,4.12,2.01,4.21,1.54,.,dificultar,impedir
impressed,225,7.33,1.84,5.42,2.65,5.51,2.21,30,impresionado,impressionado
history,208,5.24,2.01,3.93,2.29,4.83,2.08,286,historia,história
improve,226,7.65,1.16,5.69,2.15,6.08,2.25,39,mejorar,melhorar
hit,594,4.33,2.35,5.73,2.09,4.88,2.01,115,golpear,acertar
incentive,809,7,1.72,5.69,2.45,5.93,2.02,12,incentivo,incentivo
holiday,791,7.55,2.14,6.59,2.73,6.3,2.17,17,fiesta,férias
indifferent,810,4.61,1.28,3.18,1.85,4.84,1.67,11,indiferente,indiferente
home,209,7.91,1.63,4.21,2.94,5.9,2.3,547,casa,casa
industry,227,5.3,1.61,4.47,2.43,4.91,2.04,171,industria,indústria
infant,811,6.95,2.08,5.05,2.66,5.67,2.48,11,infantil,infantil
kettle,832,5.22,0.91,3.22,2.23,5,1.4,3,hervidor,chaleira
infatuation,516,6.73,2.08,7.02,1.87,4.9,2.28,4,infatuación,paixão
key,833,5.68,1.62,3.7,2.18,4.98,2.04,88,clave,chave
infection,228,1.66,1.34,5.03,2.77,3.61,2.64,8,infección,infecção
kick,834,4.31,2.18,4.9,2.35,5.5,1.93,16,patear,chutar
inferior,812,3.07,1.57,3.83,2.05,2.78,2.08,7,inferior,inferior
kids,835,6.91,1.99,5.27,2.36,5.07,2.03,32,niños,crianças
inhabitant,813,5.05,1.34,3.95,1.97,5.37,1.43,.,habitante,habitante
killer,244,1.89,1.39,7.86,1.89,4.54,3.11,21,asesino,assassino
injury,595,2.49,1.76,5.69,2.06,3.57,1.62,27,lesión,ferimento
kind,245,7.59,1.67,4.46,2.55,5.95,1.93,313,tipo,tipo
ink,229,5.05,0.81,3.84,1.88,4.61,2.13,7,tinta,tinta
kindness,246,7.82,1.39,4.3,2.62,5.67,2.63,5,bondad,bondade
innocent,814,6.51,1.34,4.21,1.99,5.28,2.08,37,inocente,inocente
king,247,7.26,1.67,5.51,2.77,7.38,2.1,88,rey,rei
insane,815,2.85,1.94,5.83,2.45,4.12,2.23,13,demente,insano
kiss,248,8.26,1.54,7.32,2.03,6.93,2.28,17,beso,beijo
insect,816,4.07,2.16,4.07,2.46,4.56,2.47,14,insecto,inseto
kitten,517,6.86,2.13,5.08,2.45,6.86,2.01,5,gatito,gatinho
insecure,230,2.36,1.33,5.56,2.34,2.33,1.95,3,inseguro,inseguro
knife,596,3.62,2.18,5.8,2,4.12,2.18,76,cuchillo,faca
insolent,231,4.35,1.76,5.38,2.37,4.5,2.06,2,insolente,insolente
knot,836,4.64,1.36,4.07,2.15,4.67,1.65,8,nudo,nó
inspire,232,6.97,1.91,5,2.53,6.34,2.11,3,inspirar,inspirar
knowledge,249,7.58,1.32,5.92,2.32,6.78,2.41,145,conocimiento,conhecimento
inspired,233,7.15,1.85,6.02,2.67,6.67,2.31,25,inspirado,inspirado
lake,250,6.82,1.54,3.95,2.44,4.9,2.1,54,lago,lago
insult,817,2.29,1.33,6,2.46,3.62,2.05,7,insultar,insultar
lamb,837,5.89,1.73,3.36,2.18,4.91,1.96,7,cordero,cordeiro
intellect,818,6.82,1.96,4.75,2.5,6.3,1.98,5,intelecto,intelecto
lamp,838,5.41,1,3.8,2.12,5.27,1.61,18,lámpara,lâmpada
intercourse,819,7.36,1.57,7,2.07,6.4,1.78,9,relaciones,relações
lantern,839,5.57,1.19,4.05,2.28,5.07,1.82,13,linterna,lanterna
interest,234,6.97,1.53,5.66,2.26,5.88,1.78,330,interés,interesse
laughter,251,8.45,1.08,6.75,2.5,6.45,2.45,22,risa,riso
intimate,821,7.61,1.51,6.98,2.21,5.86,2.29,21,íntimo,íntimo
lavish,840,6.21,2.03,4.93,2.4,5.64,1.61,3,pródigo,pródigo
intruder,822,2.77,2.32,6.86,2.41,4,2.68,1,intruso,intruso
lawn,841,5.24,0.86,4,1.79,5.37,1.11,15,césped,gramado
invader,823,3.05,2.01,5.5,2.4,4,2.6,1,invasor,invasor
lawsuit,842,3.37,2,4.93,2.44,3.92,2.02,1,pleito,ação judicial
invest,824,5.93,2.1,5.12,2.42,5.88,1.95,3,invertir,investir
lazy,843,4.38,2.02,2.65,2.06,4.07,1.93,9,perezoso,preguiçoso
iron,565,4.9,1.02,3.76,2.06,5.1,1.27,43,hierro,ferro
leader,844,7.63,1.59,6.27,2.18,7.88,1.6,74,líder,líder
irritate,235,3.11,1.67,5.76,2.15,5.03,2.05,.,irritar,irritar
learn,252,7.15,1.49,5.39,2.22,6.34,2.17,84,aprender,aprender
item,825,5.26,0.86,3.24,2.08,5.26,1.67,54,artículo,item
legend,845,6.39,1.34,4.88,1.76,5.54,1.64,26,leyenda,lenda
jail,236,1.95,1.27,5.49,2.67,3.81,2.71,21,cárcel,prisão
leisurely,253,6.88,1.81,3.8,2.38,5.15,1.9,5,sin prisa,vagaroso
jealousy,237,2.51,1.83,6.36,2.66,3.8,2.41,4,celos,ciúme
leprosy,254,2.09,1.4,6.29,2.23,4,2.3,1,lepra,lepra
jelly,238,5.66,1.44,3.7,2.29,4.53,1.77,3,jalea,geléia
lesbian,597,4.67,2.45,5.12,2.27,5.35,2.2,.,lesbiana,lésbica
jewel,239,7,1.72,5.38,2.54,5.59,2.19,1,joya,jóia
letter,846,6.61,1.59,4.9,2.37,5.73,1.48,145,carta,carta
joke,826,8.1,1.36,6.74,1.84,6.15,1.86,22,broma,piada
liberty,255,7.98,1.22,5.6,2.65,6.29,2.44,46,libertad,liberdade
jolly,827,7.41,1.92,5.57,2.8,6.39,1.72,4,alegre,alegre
lice,256,2.31,1.78,5,2.26,3.95,2.29,2,los piojos,piolhos
journal,828,5.14,1.49,4.05,1.96,5.26,1.42,42,revista,jornal
lie,257,2.79,1.92,5.96,2.63,3.3,2.42,59,mentir,mentir
joy,240,8.6,0.71,7.22,2.13,6.28,2.15,40,alegría,alegria
life,258,7.27,1.88,6.02,2.62,5.72,2.51,715,vida,vida
joyful,241,8.22,1.22,5.98,2.54,6.6,1.8,1,alegre,alegre
lightbulb,566,5.61,1.28,4.1,2.02,5.82,1.56,.,bombilla,lâmpada
jug,829,5.24,1.65,3.88,2.15,5.05,1.62,6,jarra,jarro
lighthouse,847,5.89,2.08,4.41,2.44,5.25,2.02,.,faro,farol
justice,242,7.78,1.35,5.47,2.54,6.47,2.26,114,justicia,justiça
lightning,598,4.57,2.66,6.61,1.77,3.67,2.19,14,relámpago,relâmpago
kerchief,830,5.11,1.33,3.43,2.08,5.25,1.28,1,pañuelo,lenço
limber,848,5.68,1.49,4.57,2.26,5.34,1.84,2,ágil,ágil
kerosene,243,4.8,1.59,4.34,2.51,4.63,1.99,6,queroseno,querosene
lion,518,5.57,1.99,6.2,2.16,4.12,2.33,17,león,leão
ketchup,831,5.6,1.35,4.09,2.08,5.29,1.81,1,salsa de tomate,ketchup
listless,259,4.12,1.73,4.1,2.31,4.14,1.73,1,apático,apático
lively,849,7.2,1.97,5.53,2.9,6.09,1.95,26,animado,animado
memories,871,7.48,1.61,6.1,2.1,5.88,1.92,15,recuerdos,memórias
locker,850,5.19,1.31,3.38,2.13,5.36,1.87,9,armario,gaveta
memory,274,6.62,1.5,5.42,2.25,5.11,2.12,76,memoria,memória
loneliness,260,1.61,1.02,4.56,2.97,2.51,2.27,9,soledad,solidão
menace,275,2.88,1.64,5.52,2.45,4.98,2.25,9,amenaza,ameaça
lonely,261,2.17,1.76,4.51,2.68,2.95,2.12,25,solitario,solitário
merry,872,7.9,1.49,5.9,2.42,6.64,1.66,8,alegre,alegre
loser,851,2.25,1.48,4.95,2.57,3.02,2.17,1,perdedor,perdedor
messy,873,3.15,1.73,3.34,2.37,4.75,2.15,3,confuso,bagunçado
lost,852,2.82,1.83,5.82,2.62,2.86,1.64,173,perdido,perdido
metal,874,4.95,1.17,3.79,1.96,5.38,1.4,61,metal,metal
lottery,853,6.57,2.04,5.36,2.45,4.81,2.11,1,lotería,loteria
method,875,5.56,1.76,3.85,2.58,5.67,1.58,142,método,método
louse,262,2.81,1.92,4.98,2.03,3.57,2.26,3,piojo,piolho
mighty,276,6.54,2.19,5.61,2.38,7.23,2.11,29,poderoso,poderoso
love,263,8.72,0.7,6.44,3.35,7.11,2.56,232,amor,amor
mildew,277,3.17,1.36,4.08,1.79,4.4,1.79,1,moho,bolor
loved,264,8.64,0.71,6.38,2.68,6.62,2.53,56,amado,amado
milk,876,5.95,2.16,3.68,2.57,5.83,1.5,49,leche,leite
loyal,265,7.55,1.9,5.16,2.42,6.91,2.23,18,leal,leal
millionaire,278,8.03,1.42,6.14,2.7,6.97,2.4,2,millonario,milionário
lucky,266,8.17,1.06,6.53,2.34,6.05,2.25,21,afortunado,sortudo
mind,877,6.68,1.84,5,2.68,6.37,2.19,325,mente,mente
lump,854,4.16,2.34,4.8,2.82,4.32,2.18,7,bulto,caroço
miracle,279,8.6,0.71,7.65,1.67,5.35,2.58,16,milagro,milagre
luscious,267,7.5,1.08,5.34,2.51,5.68,1.84,2,delicioso,melado
mischief,878,5.57,2.05,5.76,1.95,5.56,1.88,5,travesura,travessura
lust,519,7.12,1.62,6.88,1.85,5.49,2.27,5,lujuria,luxúria
misery,879,1.93,1.6,5.17,2.69,2.55,1.45,15,miseria,miséria
luxury,268,7.88,1.49,4.75,2.91,6.4,2.45,21,lujo,luxo
mistake,880,2.86,1.79,5.18,2.42,3.86,2.42,34,error,erro
machine,855,5.09,1.67,3.82,2.4,5.23,2.06,103,máquina,máquina
mobility,881,6.83,1.79,5,2.18,6.43,1.48,8,movilidad,mobilidade
mad,856,2.44,1.72,6.76,2.26,5.86,2.2,39,loco,louco
modest,280,5.76,1.28,3.98,2.24,4.96,2.16,29,modesto,modesto
madman,857,3.91,2.49,5.56,2.78,4.79,2.55,2,loco,louco
mold,882,3.55,1.7,4.07,1.98,4.33,1.83,45,molde,molde
maggot,269,2.06,1.47,5.28,2.96,4.03,2.09,2,gusano,larva
moment,281,5.76,1.65,3.83,2.29,4.81,1.92,246,momento,momento
magical,858,7.46,1.64,5.95,2.36,5.73,2.19,12,mágico,mágico
money,282,7.59,1.4,5.7,2.66,6.25,2.33,265,dinero,dinheiro
mail,859,6.88,1.74,5.63,2.36,5.67,1.79,47,correo,correio
month,283,5.15,1.09,4.03,1.77,4.85,1.14,130,mes,mês
malaria,860,2.4,1.38,4.4,2.54,3.22,1.9,3,malaria,malária
moody,883,3.2,1.58,4.18,2.38,4.39,1.71,5,Moody,mal-humorado
malice,270,2.69,1.84,5.86,2.75,4.74,2.72,2,malicia,malícia
moral,884,6.2,1.85,4.49,2.28,5.9,2.2,142,moral,moral
man,537,6.73,1.7,5.24,2.31,5.53,2.23,1207,hombre,homem
morbid,284,2.87,2.14,5.06,2.68,4.34,2.5,1,morboso,mórbido
mangle,861,3.9,2.01,5.44,2.1,4.61,1.84,.,exprimidor,calandra
morgue,285,1.92,1.32,4.84,2.96,3.61,1.94,1,morgue,morgue
maniac,862,3.76,2,5.39,2.46,4.22,2.07,4,maníaco,maníaco
mosquito,885,2.8,1.91,4.78,2.72,4.51,2.15,1,mosquito,mosquito
manner,863,5.64,1.34,4.56,1.78,5.05,1.83,124,manera,maneira
mother,286,8.39,1.15,6.13,2.71,5.74,2.37,216,madre,mãe
mantel,864,4.93,1.4,3.27,2.23,4.95,1.61,3,repisa de la chimenea,cornija
mountain,287,6.59,1.66,5.49,2.43,5.46,2.36,33,montaña,montanha
manure,865,3.1,1.74,4.17,2.09,4.67,1.36,6,estiércol,estrume
movie,288,6.86,1.81,4.93,2.54,5,1.79,29,película,filme
market,866,5.66,1.02,4.12,1.83,5.27,1.4,155,mercado,mercado
mucus,886,3.34,2.29,3.41,2.17,4.8,1.83,2,moco,muco
massacre,867,2.28,1.74,5.33,2.63,3.5,2.26,1,masacre,massacre
muddy,887,4.44,2.07,4.13,2.13,4.73,1.77,10,fangoso,lamacento
masterful,271,7.09,1.78,5.2,2.85,7.18,2.56,2,maestro,magistral
muffin,888,6.57,2.04,4.76,2.42,5.51,1.63,.,muffin,bolinho
masturbate,599,5.45,2.02,5.67,2.18,5.63,2.25,.,masturbarse,masturbar-se
murderer,289,1.53,0.96,7.47,2.18,3.77,3.06,19,asesino,assassino
material,868,5.26,1.29,4.05,2.34,5.12,1.45,174,material,material
muscular,290,6.82,1.63,5.47,2.2,6.58,2.28,16,muscular,muscular
measles,272,2.74,1.97,5.06,2.44,4.13,2.16,2,sarampión,sarampo
museum,889,5.54,1.86,3.6,2.13,5.32,1.68,32,museo,museu
medicine,869,5.67,2.06,4.4,2.36,4.7,1.91,30,medicina,medicina
mushroom,567,5.78,2.22,4.72,2.33,5.52,2.1,2,seta,cogumelo
meek,273,3.87,1.69,3.8,2.13,3.67,2.23,10,manso,manso
music,291,8.13,1.09,5.32,3.19,6.39,2.44,216,música,música
melody,870,7.07,1.79,4.98,2.52,5.46,1.78,21,melodía,melodia
mutation,890,3.91,2.44,4.84,2.52,4.07,2.1,.,mutación,mutação
mutilate,292,1.82,1.45,6.41,2.94,3.41,2.71,3,mutilar,mutilar
orchestra,299,6.02,1.89,3.52,2.29,5.17,2.14,60,orquesta,orquestra
mystic,891,6,2.21,4.84,2.57,5.52,1.93,3,místico,místico
orgasm,920,8.32,1.31,8.1,1.45,6.83,2.18,7,orgasmo,orgasmo
naked,892,6.34,2.42,5.8,2.8,6,2.05,32,desnudo,nu
outdoors,521,7.47,1.8,5.92,2.55,6.27,2.24,6,al aire libre,ao ar livre
name,893,5.55,2.24,4.25,2.47,5.16,2.08,294,nombre,nome
outrage,921,3.52,2.12,6.83,2.26,5.26,2.72,4,atropello,ultraje
narcotic,894,4.29,2.3,4.93,2.57,4.44,2.43,2,narcótico,narcótico
outstanding,922,7.75,1.75,6.24,2.59,6.4,2.29,37,excepcional,marcante
nasty,895,3.58,2.38,4.89,2.5,5,2.17,5,feo,desagradável
overcast,923,3.65,1.61,3.46,1.92,4.2,1.79,9,cubierto,entristecido
natural,896,6.59,1.57,4.09,2.37,5.57,1.69,156,natural,natural
overwhelmed,300,4.19,2.61,7,2.37,3.89,2.58,4,abrumado,sobrecarregado
nature,293,7.65,1.37,4.37,2.51,4.95,2.72,191,naturaleza,natureza
owl,522,5.8,1.31,3.98,1.87,5.82,1.62,2,búho,coruja
nectar,294,6.9,1.53,3.89,2.48,4.54,2.06,3,néctar,néctar
pain,301,2.13,1.81,6.5,2.49,3.71,2.53,88,dolor,dor
needle,897,3.82,1.73,5.36,2.89,3.95,2.17,15,aguja,agulha
paint,924,5.62,1.72,4.1,2.36,5.75,1.71,37,pintar,pintar
neglect,898,2.63,1.64,4.83,2.31,3.85,2.29,12,negligencia,negligência
palace,302,7.19,1.78,5.1,2.75,5.69,2.17,38,palacio,palácio
nervous,899,3.29,1.47,6.59,2.07,3.56,1.73,24,nervioso,nervoso
pamphlet,925,4.79,1.05,3.62,2.02,4.63,1.48,3,folleto,panfleto
neurotic,900,4.45,2.23,5.13,2.76,4.41,2.05,10,neurótico,neurótico
pancakes,523,6.08,1.83,4.06,2.13,5.76,1.61,.,panqueques,panquecas
news,901,5.3,1.67,5.17,2.11,4.6,1.88,102,noticias,notícia
panic,601,3.12,1.84,7.02,2.02,3.2,1.67,22,pánico,pânico
nice,902,6.55,2.44,4.38,2.69,5.58,2.2,75,agradable,bom
paper,303,5.2,1.21,2.5,1.85,4.47,1.67,157,papel,papel
nightmare,295,1.91,1.54,7.59,2.23,3.68,2.76,9,pesadilla,pesadelo
paradise,304,8.72,0.6,5.12,3.38,6.03,2.79,12,paraíso,paraíso
nipple,903,6.27,1.81,5.56,2.55,5.57,2,.,pezón,mamilo
paralysis,926,1.98,1.44,4.73,2.83,2.56,1.82,6,parálisis,paralisia
noisy,904,5.02,2.02,6.38,1.78,4.93,1.76,6,ruidoso,barulhento
part,927,5.11,1.78,3.82,2.24,4.75,1.59,500,parte,parte
nonchalant,296,4.74,1.11,3.12,1.93,4.31,1.54,1,despreocupado,indiferente
party,305,7.86,1.83,6.69,2.84,5.83,2.46,216,partido,festa
nonsense,905,4.61,1.63,4.17,2.02,4.9,1.55,13,disparates,absurdo
passage,928,5.28,1.44,4.36,2.13,5.02,1.62,49,pasaje,passagem
noose,906,3.76,1.64,4.39,2.08,4.17,1.92,3,lazo,armadilha
passion,306,8.03,1.27,7.26,2.57,6.13,2.24,28,pasión,paixão
nourish,907,6.46,1.69,4.29,2.51,5.8,1.62,.,nutrir,nutrir
pasta,524,6.69,1.64,4.94,2.04,5.8,1.47,.,pasta,macarrão
nude,520,6.82,1.63,6.41,2.09,5.96,2.29,20,desnudo,nu
patent,307,5.29,1.08,3.5,1.84,4.9,1.79,35,patente,patente
nuisance,908,3.27,1.86,4.49,2.69,4.36,1.73,5,molestia,estorvo
patient,929,5.29,1.89,4.21,2.37,4.9,2.31,86,paciente,paciente
nun,909,4.93,1.89,2.93,1.8,4.93,1.69,2,monja,freira
patriot,930,6.71,1.69,5.17,2.53,5.9,1.54,10,patriota,patriota
nurse,538,6.08,2.08,4.84,2.04,4.84,2.2,17,enfermera,enfermeira
peace,308,7.72,1.75,2.95,2.55,5.45,2.84,198,paz,paz
nursery,910,5.73,2.3,4.04,2.74,5.18,2.23,13,vivero,berçário
penalty,931,2.83,1.56,5.1,2.31,3.95,1.97,14,pena,pena
obesity,911,2.73,1.85,3.87,2.82,3.74,2.45,5,obesidad,obesidade
pencil,309,5.22,0.68,3.14,1.9,4.78,1.73,34,lápiz,lápis
obey,912,4.52,1.88,4.23,1.72,4.26,2.4,8,obedecer,obedecer
penis,932,5.9,1.72,5.54,2.63,5.92,2.54,.,pene,pênis
obnoxious,913,3.5,2.18,4.74,2.42,5.39,2.2,5,desagradable,desagradável
penthouse,933,6.81,1.64,5.52,2.49,6.52,1.82,1,ático,penthouse
obscene,914,4.23,2.3,5.04,2.3,4.48,1.91,2,obsceno,obsceno
people,525,7.33,1.7,5.94,2.09,6.14,2.02,847,personas,pessoas
obsession,915,4.52,2.13,6.41,2.13,4.77,2.38,5,obsesión,obsessão
perfection,310,7.25,2.05,5.95,2.73,6.71,2.26,11,perfección,perfeição
ocean,297,7.12,1.72,4.95,2.79,5.53,2.75,34,océano,oceano
perfume,934,6.76,1.48,5.05,2.36,5.93,1.69,10,perfume,perfume
odd,916,4.82,2.04,4.27,2.46,4.77,1.89,44,impar,estranho
person,311,6.32,1.74,4.19,2.45,5.35,2.02,175,persona,pessoa
offend,917,2.76,1.5,5.56,2.06,3.73,2.03,4,ofender,ofender
pervert,312,2.79,2.12,6.26,2.61,4.72,2.83,1,pervertido,perverter
office,568,5.24,1.59,4.08,1.92,5.59,1.89,255,oficina,escritório
pest,313,3.13,1.82,5.62,2.15,5.29,2.13,4,parásito,praga
opinion,298,6.28,1.45,4.89,2.46,5.53,1.93,96,opinión,opinião
pet,935,6.79,2.32,5.1,2.59,5.85,2.28,8,mascotas,animal de estimação
optimism,918,6.95,2.24,5.34,2.58,6.61,2.06,15,optimismo,otimismo
phase,936,5.17,0.79,3.98,1.82,4.65,1.72,72,fase,fase
option,919,6.49,1.31,4.74,2.23,6.34,1.8,5,opción,opção
pie,314,6.41,1.89,4.2,2.4,5.35,1.78,14,pastel,torta
pig,937,5.07,1.97,4.2,2.42,5.34,1.88,8,cerdo,porco
quality,950,6.25,1.59,4.48,2.12,5.64,1.59,114,calidad,qualidade
pillow,315,7.92,1.4,2.97,2.52,4.56,2.17,8,almohada,travesseiro
quarrel,338,2.93,2.06,6.29,2.56,4.02,2.16,20,reñir,brigar
pinch,938,3.83,1.7,4.59,2.1,4.76,1.73,6,pellizcar,beliscar
quart,951,5.39,2.01,3.59,2.51,5.2,1.86,3,cuarto de galón,quarto
pistol,939,4.2,2.58,6.15,2.19,5.05,2.77,27,pistola,pistola
queen,952,6.44,1.43,4.76,2.18,5.49,2.12,41,reina,rainha
pity,940,3.37,1.57,3.72,2.02,4.12,1.82,14,lástima,pena
quick,953,6.64,1.61,6.57,1.78,6.57,1.91,68,rápido,rápido
pizza,526,6.65,2.23,5.24,2.09,5.69,1.9,3,pizza,pizza
quiet,339,5.58,1.83,2.82,2.13,4.42,2.3,76,tranquilo,calma
plain,941,4.39,1.46,3.52,2.05,4.71,1.68,48,llanura,planície
rabbit,527,6.57,1.92,4.02,2.19,6.08,1.72,11,conejo,coelho
plane,539,6.43,1.98,6.14,2.39,4.78,2.19,114,plano,avião
rabies,340,1.77,0.97,6.1,2.62,3.85,2.34,1,rabia,raiva
plant,316,5.98,1.83,3.62,2.25,4.71,2.12,125,planta,planta
radiant,954,6.73,2.17,5.39,2.82,5.61,2.17,8,radiante,radiante
pleasure,317,8.28,0.92,5.74,2.81,6.15,2.31,62,placer,prazer
radiator,955,4.67,1.05,4.02,1.94,4.81,1.38,4,radiador,radiador
poetry,318,5.86,1.91,4,2.85,5.31,1.81,88,poesía,poesia
radio,341,6.73,1.47,4.78,2.82,5.28,1.85,120,radio,rádio
poison,319,1.98,1.44,6.05,2.82,3.1,2.44,10,tóxico,veneno
rage,342,2.41,1.86,8.17,1.4,5.68,3.01,16,rabia,raiva
politeness,320,7.18,1.5,3.74,2.37,5.74,1.7,5,cortesía,polidez
rain,569,5.08,2.51,3.65,2.35,4.78,1.68,70,lluvia,chuva
pollute,321,1.85,1.11,6.08,2.42,4.92,2.51,1,contaminar,poluir
rainbow,343,8.14,1.23,4.64,2.88,4.72,2.37,4,arco iris,arco-íris
poster,942,5.34,1.75,3.93,2.56,4.91,1.87,4,cartel,cartaz
rancid,956,4.34,2.28,5.04,2.27,4.59,1.86,.,rancio,rançoso
poverty,322,1.67,0.9,4.87,2.66,3.21,2.21,20,pobreza,pobreza
rape,344,1.25,0.91,6.81,3.17,2.97,2.94,5,violación,estupro
power,323,6.54,2.21,6.67,1.87,7.28,2.35,342,poder,poder
rat,345,3.02,1.66,4.95,2.36,4.55,2.14,6,rata,rato
powerful,324,6.84,1.8,5.83,2.69,7.19,2.52,63,potente,poderoso
rattle,346,5.03,1.23,4.36,2.18,4.17,1.56,5,sonajero,chocalho
prairie,325,5.75,1.43,3.41,2.17,4.62,2.13,21,pradera,pradaria
razor,957,4.81,2.16,5.36,2.44,4.91,1.95,15,maquinilla de afeitar,navalha
present,943,6.95,1.85,5.12,2.39,5.83,1.78,377,presentar,apresentar
red,570,6.41,1.61,5.29,2.04,5.78,1.59,197,rojo,vermelho
pressure,944,3.38,1.61,6.07,2.26,3.45,2.07,185,presión,pressão
refreshment,347,7.44,1.29,4.45,2.7,5,1.92,2,refresco,refresco
prestige,945,7.26,1.9,5.86,2.08,6.9,1.96,29,prestigio,prestígio
regretful,348,2.28,1.42,5.74,2.32,3.43,2.52,1,arrepentido,arrependido
pretty,326,7.75,1.26,6.03,2.22,5.5,1.97,107,bastante,bastante
rejected,349,1.5,1.09,6.37,2.56,2.72,2.58,33,rechazado,rejeitado
prick,946,3.98,1.73,4.7,2.59,4.47,1.88,2,pinchazo,picada
relaxed,350,7,1.77,2.39,2.13,5.55,1.9,14,relajado,relaxado
pride,327,7,2.11,5.83,2.48,7.06,2.15,42,orgullo,orgulho
repentant,351,5.53,1.86,4.69,1.98,5.42,2.06,1,arrepentido,arrependido
priest,328,6.42,2,4.41,2.71,4.88,2.07,16,sacerdote,padre
reptile,958,4.77,2,5.18,2.19,4.77,2.02,.,reptil,réptil
prison,329,2.05,1.34,5.7,2.56,4.2,2.58,42,prisión,prisão
rescue,352,7.7,1.24,6.53,2.56,6.45,2.29,15,rescatar,resgatar
privacy,330,5.88,1.5,4.12,1.83,5.66,1.78,12,intimidad,privacidade
resent,959,3.76,1.9,4.47,2.12,4.46,2.09,8,resentirse de,ressentir
profit,331,7.63,1.3,6.68,1.78,5.85,2.47,28,lucro,lucro
reserved,353,4.88,1.83,3.27,2.05,4.3,1.93,27,reservado,reservado
progress,947,7.73,1.34,6.02,2.58,6.76,2.05,120,progreso,progresso
respect,354,7.64,1.29,5.19,2.39,6.89,2.11,125,respeto,respeito
promotion,332,8.2,1.15,6.44,2.58,6.79,2.28,26,promoción,promoção
respectful,355,7.22,1.27,4.6,2.67,5.67,2.38,4,respetuoso,respeitoso
protected,333,7.29,1.79,4.09,2.77,5.8,2.54,31,protegido,protegido
restaurant,960,6.76,1.85,5.41,2.55,5.73,1.41,41,restaurante,restaurante
proud,334,8.03,1.56,5.56,3.01,6.74,2.73,50,orgulloso,orgulhoso
reunion,961,6.48,2.45,6.34,2.35,5.64,1.95,11,reunión,reunião
pungent,948,3.95,2.09,4.24,2.17,4.78,1.52,4,acre,pungente
reverent,356,5.35,1.21,4,1.6,4.67,1.68,3,reverente,reverente
punishment,335,2.22,1.41,5.93,2.4,3.5,2.43,21,castigo,punição
revolt,357,4.13,1.78,6.56,2.34,6.18,2.11,8,revuelta,revolta
puppy,336,7.56,1.9,5.85,2.78,5.51,2.39,2,cachorro,cachorro
revolver,962,4.02,2.44,5.55,2.39,4.39,2.47,14,revólver,revólver
pus,602,2.86,1.91,4.82,2.06,4.35,1.82,.,pus,pus
reward,358,7.53,1.67,4.95,2.62,6,2.14,15,recompensar,recompensar
putrid,337,2.38,1.71,5.74,2.26,4.89,2.09,.,putrefacto,pútrido
riches,359,7.7,1.95,6.17,2.7,6.74,2.43,2,riqueza,riquezas
python,949,4.05,2.48,6.18,2.25,4.52,2.56,14,pitón,píton
ridicule,360,3.13,2.24,5.83,2.73,3.87,2.7,5,ridiculizar,ridicularizar
rifle,603,4.02,2.76,6.35,2.04,4.16,2.71,63,rifle,rifle
seat,380,4.95,0.98,2.95,1.72,4.84,1.88,54,asiento,assento
rigid,963,3.66,2.12,4.66,2.47,4.61,2.04,24,rígido,rígido
secure,381,7.57,1.76,3.14,2.47,5.93,2.57,30,asegurar,proteger
riot,361,2.96,1.93,6.39,2.63,4.18,2.47,7,motín,motim
selfish,382,2.42,1.62,5.5,2.62,4.64,2.31,8,egoísta,egoísta
river,362,6.85,1.69,4.51,2.42,5.1,1.86,165,río,rio
sentiment,977,5.98,1.71,4.41,2.3,5.09,1.46,23,sentimiento,sentimento
roach,363,2.35,1.7,6.64,2.64,4.82,2.94,2,cucaracha,barata
serious,383,5.08,1.59,4,1.87,5.12,1.65,116,grave,sério
robber,964,2.61,1.69,5.62,2.72,3.62,2.38,2,ladrón,ladrão
severe,978,3.2,1.74,5.26,2.36,3.83,1.91,39,grave,grave
rock,965,5.56,1.38,4.52,2.37,5.15,2.01,75,rock,rocha
sex,384,8.05,1.53,7.36,1.91,5.75,2.25,84,sexo,sexo
rollercoaster,528,8.02,1.63,8.06,1.71,5.1,2.76,.,montaña rusa,montanha-russa
sexy,530,8.02,1.12,7.36,1.91,6.82,2.13,2,sexy,sensual
romantic,364,8.32,1,7.59,2.07,6.08,2.29,32,romántico,romântico
shadow,385,4.35,1.23,4.3,2.26,4.19,1.82,36,sombra,sombra
rotten,365,2.26,1.37,4.53,2.38,4.32,2.09,2,podrido,podre
shamed,386,2.5,1.34,4.88,2.27,2.98,1.94,1,avergonzado,envergonhado
rough,966,4.74,2,5.33,2.04,4.81,1.7,41,áspero,áspero
shark,606,3.65,2.47,7.16,1.96,2.63,2.16,.,tiburón,tubarão
rude,366,2.5,2.11,6.31,2.47,4.91,2.49,6,grosero,rude
sheltered,387,5.75,1.92,4.28,1.77,3.76,1.91,4,abrigo,abrigada
runner,571,5.67,1.91,4.76,2.4,5.47,1.84,1,corredor,corredor
ship,388,5.55,1.4,4.38,2.29,5.12,2.31,83,enviar,navio
rusty,367,3.86,1.47,3.77,2.16,4.53,1.62,8,oxidado,enferrujado
shotgun,979,4.37,2.75,6.27,1.94,5.29,2.67,8,escopeta,espingarda
sad,368,1.61,0.95,4.13,2.38,3.45,2.18,35,triste,triste
shriek,980,3.93,2.22,5.36,2.91,4.3,1.86,5,gritar,guincho
safe,967,7.07,1.9,3.86,2.72,5.81,2.06,58,seguro,seguro
shy,389,4.64,1.83,3.77,2.29,3.44,1.96,13,tímido,tímido
sailboat,529,7.25,1.71,4.88,2.73,5.86,1.71,1,velero,veleiro
sick,607,1.9,1.14,4.29,2.45,3.04,1.65,51,enfermos,doente
saint,968,6.49,1.7,4.49,1.9,5.37,2.11,16,santo,santo
sickness,390,2.25,1.71,5.61,2.67,3.84,2.5,6,enfermedad,doença
salad,369,5.74,1.62,3.81,2.29,5.47,1.68,9,ensalada,salada
silk,391,6.9,1.27,3.71,2.51,4.81,1.93,12,seda,seda
salute,370,5.92,1.57,5.31,2.23,5.46,2.05,3,saludo,saudação
silly,981,7.41,1.8,5.88,2.38,6,2.09,15,tonto,bobo
sapphire,371,7,1.88,5,2.72,5.55,2.24,.,zafiro,safira
sin,392,2.8,1.67,5.78,2.21,3.62,2.29,53,pecado,pecado
satisfied,372,7.94,1.19,4.94,2.63,6.14,2.37,36,satisfecho,satisfeito
sinful,393,2.93,2.15,6.29,2.43,4.24,2.73,3,pecaminoso,pecaminoso
save,969,6.45,1.93,4.95,2.19,6,1.79,62,ahorrar,salvar
sissy,394,3.14,1.96,5.17,2.57,3.58,2.74,.,mariquita,maricas
savior,373,7.73,1.56,5.8,3.01,6.64,2.18,6,salvador,salvador
skeptical,395,4.52,1.63,4.91,1.92,4.5,1.61,7,escéptico,cético
scalding,970,2.82,2.12,5.95,2.55,3.82,2.3,1,escaldado,escaldante
skijump,531,7.06,1.73,7.06,2.1,4.9,2.32,.,Skijump,Skijump
scandal,971,3.32,1.81,5.12,2.22,4.34,1.73,8,escándalo,escândalo
skull,608,4.27,1.83,4.75,1.85,4.86,1.62,3,cráneo,crânio
scapegoat,972,3.67,1.65,4.53,2.13,3.52,1.7,1,chivo expiatorio,bode expiatório
sky,572,7.37,1.4,4.27,2.17,5.16,2,58,cielo,céu
scar,973,3.38,1.7,4.79,2.11,3.88,1.71,10,cicatriz,cicatriz
skyscraper,573,5.88,1.87,5.71,2.17,4.33,2.36,2,rascacielos,arranha-céu
scared,604,2.78,1.99,6.82,2.03,2.94,2.19,21,espantado,assustado
slap,396,2.95,1.79,6.46,2.58,4.21,2.29,2,bofetada,tapa
scholar,374,7.26,1.42,5.12,2.46,6.59,2.02,15,erudito,estudioso
slaughter,397,1.64,1.18,6.77,2.42,3.82,2.75,10,masacre,matança
scissors,974,5.05,0.96,4.47,1.76,5.16,1.84,1,tijeras,tesoura
slave,398,1.84,1.13,6.21,2.93,3.29,2.76,30,esclavo,escravo
scorching,975,3.76,1.83,5,2.74,4.1,2.01,.,abrasador,abrasador
sleep,399,7.2,1.77,2.8,2.66,5.41,2.41,65,dormir,dormir
scorn,375,2.84,2.07,5.48,2.52,3.93,2.64,4,desdeñar,desprezar
slime,400,2.68,1.66,5.36,2.63,4.17,1.82,1,limo,lodo
scornful,376,3.02,2.03,5.04,2.56,4.59,2.18,5,desdeñoso,desdenhoso
slow,982,3.93,1.6,3.39,2.22,4.35,1.61,60,lento,devagar
scorpion,976,3.69,2.63,5.38,3.08,3.98,2.44,.,escorpión,escorpião
slum,401,2.39,1.25,4.78,2.52,3.83,2.18,8,barrio bajo,favela
scream,605,3.88,2.07,7.04,1.96,4.75,2.21,13,gritar,gritar
slush,983,4.66,1.88,3.73,2.23,4.91,1.48,.,fango,lodo
scum,377,2.43,1.56,4.88,2.36,4.26,1.99,.,escoria,escumalha
smallpox,402,2.52,2.08,5.58,2.13,4.29,2.17,2,viruela,varíola
scurvy,378,3.19,2,4.71,2.72,4.48,2.48,1,escorbuto,escorbuto
smooth,984,6.58,1.78,4.91,2.57,5.09,2.09,42,suavizar,alisar
seasick,379,2.05,1.2,5.8,2.88,3.41,2.39,.,mareado,enjoado
snake,609,3.31,2.2,6.82,2.1,3.78,2.05,44,serpiente,serpente
snob,403,3.36,1.81,5.65,2.36,5.11,2.25,1,snob,esnobe
sun,532,7.55,1.85,5.04,2.66,6.16,2.09,112,sol,sol
snow,575,7.08,1.83,5.75,2.47,5.8,1.97,59,nieve,neve
sunlight,1003,7.76,1.43,6.1,2.3,5.63,2.15,17,luz del sol,luz solar
snuggle,404,7.92,1.24,4.16,2.8,5.66,2.47,4,snuggle,aconchegar
sunrise,420,7.86,1.35,5.06,3.05,5.29,2.41,10,salida del sol,nascer do sol
social,985,6.88,1.82,4.98,2.59,5.91,2.07,380,social,social
sunset,421,7.68,1.72,4.2,2.99,5.66,2.08,14,puesta del sol,pôr do sol
soft,986,7.12,1.34,4.63,2.61,6,1.8,61,suave,macio
surgery,612,2.86,2.19,6.35,2.32,2.75,1.86,6,cirugía,cirurgia
solemn,405,4.32,1.51,3.56,1.95,4.61,1.87,12,solemne,solene
surprised,422,7.47,1.56,7.47,2.09,6.11,2.19,58,sorprendido,admirado
song,987,7.1,1.97,6.07,2.42,5.85,2.12,70,canción,canção
suspicious,423,3.76,1.42,6.25,1.59,4.47,1.99,13,suspicaz,suspeito
soothe,988,7.3,1.85,4.4,3.08,5.36,2.24,2,calmar,acalmar
swamp,1004,5.14,2.24,4.86,2.36,5.29,1.63,5,pantano,pântano
sour,989,3.93,1.98,5.1,1.95,4.64,1.5,3,agrio,azedo
sweetheart,424,8.42,0.83,5.5,2.73,6.03,2.24,9,novio,namorada
space,574,6.78,1.66,5.14,2.54,5.2,2.44,184,espacio,espaço
swift,1005,6.46,1.76,5.39,2.53,6.29,1.85,32,rápido,rápido
spanking,990,3.55,2.54,5.41,2.73,3.91,2.51,.,azotaina,palmada
swimmer,576,6.54,1.64,4.82,2.49,5.96,1.91,.,nadador,nadador
sphere,991,5.33,0.87,3.88,1.99,5,0.92,22,esfera,esfera
syphilis,425,1.68,1.23,5.69,3.25,3.33,2.67,.,sífilis,sífilis
spider,610,3.33,1.72,5.71,2.21,4.75,2.11,2,araña,aranha
table,426,5.22,0.72,2.92,2.16,4.47,1.66,198,mesa,tabela
spirit,406,7,1.32,5.56,2.62,5.82,2.42,182,espíritu,espírito
talent,427,7.56,1.25,6.27,1.8,6.49,1.75,40,talento,talento
spouse,407,7.58,1.48,5.21,2.75,5.53,1.97,3,cónyuge,cônjuge
tamper,1006,4.1,1.88,4.95,2.01,4.58,2.1,1,manosear,adulterar
spray,992,5.45,1.63,4.14,2.28,5.12,1.43,16,spray,spray
tank,613,5.16,1.87,4.88,1.86,4.78,1.93,12,tanque,tanque
spring,993,7.76,1.51,5.67,2.51,6.26,1.98,127,primavera,primavera
taste,1007,6.66,1.57,5.22,2.38,5.5,1.65,59,sabor,gosto
square,408,4.74,1.02,3.18,1.76,4.51,1.45,143,plaza,praça
taxi,1008,5,1.96,3.41,2.14,4.64,1.83,16,taxi,táxi
stagnant,994,4.15,1.57,3.93,1.94,4.71,1.36,5,estancado,estagnado
teacher,1009,5.68,2.12,4.05,2.61,5.11,2.2,80,maestro,professor
star,409,7.27,1.66,5.83,2.44,4.68,2.15,25,estrella,estrela
tease,1010,4.84,2.51,5.87,2.56,4.67,2.37,6,molestar,importunar
startled,410,4.5,1.67,6.93,2.24,4.48,1.57,21,sobresaltado,assustado
tender,1011,6.93,1.28,4.88,2.3,5.33,1.75,11,tierno,tenro
starving,611,2.39,1.82,5.61,2.53,3.63,2.1,6,hambriento,fome
tennis,540,6.02,1.97,4.61,2.6,5.61,2.12,15,tenis,tênis
statue,995,5.17,0.7,3.46,1.72,4.95,1.4,17,estatua,estátua
tense,428,3.56,1.36,6.53,2.1,5.22,2.02,15,tenso,tenso
stench,996,2.19,1.37,4.36,2.46,4.29,1.91,1,hedor,fedor
termite,429,3.58,2.08,5.39,2.43,3.87,1.87,.,termitas,cupins
stiff,997,4.68,1.97,4.02,2.41,4.93,2.04,21,rígido,duro
terrible,430,1.93,1.44,6.27,2.44,3.58,2.34,45,terrible,terrível
stink,411,3,1.79,4.26,2.1,4.16,1.98,3,hedor,feder
terrific,431,8.16,1.12,6.23,2.73,6.6,2.15,5,estupendo,ótimo
stomach,998,4.82,2.06,3.93,2.49,4.68,1.85,37,estómago,estômago
terrified,432,1.72,1.14,7.86,2.27,3.08,2.75,7,aterrorizado,aterrorizado
stool,999,4.56,1.72,4,2.14,4.98,1.85,8,taburete,banquinho
terrorist,614,1.69,1.42,7.27,2.38,2.65,2.3,.,terrorista,terrorista
storm,1000,4.95,2.22,5.71,2.34,4.54,2.04,26,tormenta,tempestade
thankful,433,6.89,2.29,4.34,2.31,5.32,2,6,agradecido,grato
stove,1001,4.98,1.69,4.51,2.14,5.36,1.87,15,estufa,fogão
theory,434,5.3,1.49,4.62,1.94,4.88,1.81,129,teoría,teoria
street,412,5.22,0.72,3.39,1.87,4.81,1.21,244,calle,rua
thermometer,1012,4.73,1.05,3.79,2.02,4.39,1.51,.,termómetro,termômetro
stress,413,2.09,1.41,7.45,2.38,3.93,2.75,107,estrés,estresse
thief,435,2.13,1.69,6.89,2.13,3.79,2.55,8,ladrón,ladrão
strong,414,7.11,1.48,5.92,2.28,6.92,2.43,202,fuerte,forte
thorn,436,3.64,1.76,5.14,2.14,4.45,1.5,3,espina,espinho
stupid,415,2.31,1.37,4.72,2.71,2.98,2.18,24,estúpido,estúpido
thought,1013,6.39,1.58,4.83,2.46,6.02,1.7,515,pensamiento,pensamento
subdued,416,4.67,1.31,2.9,1.81,4.08,1.56,8,suave,subjugado
thoughtful,437,7.65,1.03,5.72,2.3,5.61,2.11,11,pensativo,pensativo
success,417,8.29,0.93,6.11,2.65,6.89,2.4,93,éxito,sucesso
thrill,438,8.05,1.48,8.02,1.65,6.54,2.3,5,emoción,emoção
suffocate,418,1.56,0.96,6.03,3.19,3.44,2.81,1,sofocar,sufocar
tidy,1014,6.3,1.56,3.98,2.22,5.49,1.93,1,ordenado,arrumado
sugar,1002,6.74,1.73,5.64,2.18,5.5,1.5,34,azúcar,açúcar
time,439,5.31,2.02,4.64,2.75,4.63,2.24,1599,tiempo,tempo
suicide,419,1.25,0.69,5.73,3.14,3.58,3.02,17,suicidio,suicídio
timid,440,3.86,1.55,4.11,2.09,3.09,1.91,5,tímido,tímido
tobacco,441,3.28,2.16,4.83,2.9,4.08,2.27,19,tabaco,tabaco
useful,466,7.14,1.6,4.26,2.47,5.93,2.1,58,útil,útil
tomb,442,2.94,1.88,4.73,2.72,3.72,2.05,11,tumba,túmulo
useless,467,2.13,1.42,4.87,2.58,3.92,2.62,17,inútil,inútil
tool,1015,5.19,1.27,4.33,1.78,5.67,1.62,40,herramienta,ferramenta
utensil,1024,5.14,1.39,3.57,1.98,5.4,1.47,.,utensilio,utensílio
toothache,443,1.98,1.15,5.55,2.51,3.9,1.85,.,dolor de muelas,dor de dente
vacation,468,8.16,1.36,5.64,2.99,6.8,2.08,47,vacaciones,férias
tornado,444,2.55,1.78,6.83,2.49,4.3,2.42,1,tornado,tornado
vagina,1025,6.14,1.77,5.55,2.55,5.88,1.74,10,vagina,vagina
torture,445,1.56,0.79,6.1,2.77,3.33,2.37,3,tortura,tortura
valentine,469,8.11,1.35,6.06,2.91,5.81,2.45,2,San Valentín,Valentim
tower,1016,5.46,1.75,3.95,2.28,5.78,2.14,13,torre,torre
vampire,470,4.26,1.86,6.37,2.35,5.05,2.27,1,vampiro,vampiro
toxic,446,2.1,1.48,6.4,2.41,4.42,2.51,3,tóxico,tóxico
vandal,471,2.71,1.91,6.4,1.88,3.91,2.49,1,vándalo,vândalo
toy,1017,7,2.01,5.11,2.84,6.09,1.84,4,juguete,brinquedo
vanity,472,4.3,1.91,4.98,2.31,4.8,2.03,7,vanidad,vaidade
tragedy,447,1.78,1.31,6.24,2.64,3.5,2.34,49,tragedia,tragédia
vehicle,473,6.27,2.34,4.63,2.81,5.77,2.61,35,vehículo,veículo
traitor,448,2.22,1.69,5.78,2.47,4.61,2.71,2,traidor,traidor
venom,474,2.68,1.81,6.08,2.44,3.94,2.23,2,veneno,veneno
trash,615,2.67,1.45,4.16,2.16,5.24,1.85,2,basura,lixo
vest,1026,5.25,1.33,3.95,2.09,5.09,1.24,4,chaleco,colete
trauma,616,2.1,1.49,6.33,2.45,2.84,1.87,1,trauma,trauma
victim,618,2.18,1.48,6.06,2.32,2.69,2.04,27,víctima,vítima
travel,1018,7.1,2,6.21,2.51,6.31,2.08,61,viajar,viajar
victory,475,8.32,1.16,6.63,2.84,7.26,2.14,61,victoria,vitória
treasure,449,8.27,0.9,6.75,2.3,6.36,2.42,4,tesoro,tesouro
vigorous,476,6.79,1.54,5.9,2.66,5.41,2.22,29,vigoroso,vigoroso
treat,1019,7.36,1.38,5.62,2.25,5.78,1.82,26,tratar,tratar
village,477,5.92,1.34,4.08,1.87,4.94,1.74,72,pueblo,aldeia
tree,450,6.32,1.56,3.42,2.21,5.08,2.29,59,árbol,árvore
violent,478,2.29,1.78,6.89,2.47,5.16,2.86,33,violento,violento
triumph,451,7.8,1.83,5.78,2.6,6.98,2.2,22,triunfo,triunfo
violin,579,5.43,1.98,3.49,2.26,5.18,2.01,11,violín,violino
triumphant,452,8.82,0.73,6.78,2.58,6.95,2.55,5,triunfante,triunfante
virgin,1027,6.45,1.76,5.51,2.06,6.24,2.48,35,virgen,virgem
trophy,453,7.78,1.22,5.39,2.44,6.44,2.32,8,trofeo,troféu
virtue,479,6.22,2.06,4.52,2.52,6.13,2.09,30,virtud,virtude
trouble,454,3.03,2.09,6.85,2.03,4.85,2.39,134,problema,dificuldade
vision,480,6.62,1.84,4.66,2.43,6.02,1.96,56,visión,visão
troubled,455,2.17,1.21,5.94,2.36,3.91,2.33,31,preocupado,incomodado
volcano,619,4.84,2.14,6.33,2.21,3.25,1.97,2,volcán,vulcão
truck,577,5.47,1.88,4.84,2.17,5.33,1.83,57,camión,caminhão
vomit,481,2.06,1.57,5.75,2.84,3.58,2.45,3,vomitar,vomitar
trumpet,456,5.75,1.38,4.97,2.13,4.57,1.72,7,trompeta,trombeta
voyage,1028,6.25,1.91,5.55,2.23,5.18,1.98,17,viaje,viagem
trunk,1020,5.09,1.57,4.18,2.19,5.14,1.9,8,tronco,tronco
wagon,1029,5.37,0.97,3.98,2.04,5.05,1.2,55,vagón,vagão
trust,457,6.68,2.71,5.3,2.66,6.61,2.04,52,confiar,confiar
war,482,2.08,1.91,7.49,2.16,4.5,3,464,guerra,guerra
truth,458,7.8,1.29,5,2.77,6.47,2.11,126,verdad,verdade
warmth,483,7.41,1.81,3.73,2.4,5.61,1.67,28,calor,calor
tumor,459,2.36,2.04,6.51,2.85,3.58,2.42,17,tumor,tumor
wasp,484,3.37,1.63,5.5,2.17,3.76,1.82,2,avispa,vespa
tune,1021,6.93,1.47,4.71,2.09,5.74,1.82,10,melodía,sintonia
waste,485,2.93,1.76,4.14,2.3,4.72,1.94,35,residuos,desperdiçar
twilight,1022,7.23,1.8,4.7,2.41,5.59,1.82,4,crepúsculo,crepúsculo
watch,580,5.78,1.51,4.1,2.12,5.37,1.75,81,ver,ver
ugly,460,2.43,1.27,5.38,2.23,4.26,2.33,21,feo,feio
water,486,6.61,1.78,4.97,2.49,5.08,1.99,442,agua,água
ulcer,461,1.78,1.17,6.12,2.68,4.17,2.22,5,úlcera,úlcera
waterfall,487,7.88,1.03,5.37,2.84,5.2,2.18,2,cascada,cachoeira
umbrella,578,5.16,1.57,3.68,1.99,5.42,1.91,8,paraguas,guarda-chuva
wealthy,488,7.7,1.34,5.8,2.73,6.77,2.57,12,rico,rico
unfaithful,462,2.05,1.55,6.2,2.7,3.02,2.54,1,infiel,infiel
weapon,489,3.97,1.92,6.03,1.89,5.19,2.61,42,arma,arma
unhappy,463,1.57,0.96,4.18,2.5,3.34,2.35,26,infeliz,infeliz
weary,490,3.79,2.12,3.81,2.29,4,1.91,17,cansado,cansado
unit,1023,5.59,1.87,3.75,2.49,5.11,1.74,103,unidad,unidade
wedding,491,7.82,1.56,5.97,2.85,6.68,2.08,32,boda,casamento
untroubled,464,7.62,1.41,3.89,2.54,5.53,2.54,.,untroubled,imperturbável
whistle,1030,5.81,1.21,4.69,1.99,5.27,1.87,4,silbar,assobiar
upset,465,2,1.18,5.86,2.4,4.08,2.31,14,alterar,chateado
white,542,6.47,1.59,4.37,2.14,5.98,1.73,365,blanco,branco
urine,617,3.25,1.71,4.2,2.18,5.24,1.86,1,orina,urina
whore,492,2.3,2.11,5.85,2.93,4.61,2.73,2,puta,prostituta
wicked,493,2.96,2.37,6.09,2.44,4.36,2.65,9,malvado,perverso
world,500,6.5,2.03,5.32,2.39,5.26,2.47,787,mundo,mundo
wife,1031,6.33,1.97,4.93,2.22,5.57,1.68,228,esposa,esposa
wounds,620,2.51,1.58,5.82,2.01,3.92,1.57,8,heridas,feridas
win,494,8.38,0.92,7.72,2.16,7.39,2.36,55,ganar,ganhar
writer,1036,5.52,1.9,4.33,2.45,4.73,1.84,73,escritor,escritor
windmill,1032,5.6,1.65,3.74,2.13,5.24,1.04,1,molino de viento,moinho de vento
yacht,1037,6.95,1.79,5.61,2.72,6.1,2.13,4,yate,iate
window,495,5.91,1.38,3.97,2.01,4.91,1.6,119,ventana,janela
yellow,545,5.61,1.94,4.43,2.05,5.47,1.58,55,amarillo,amarelo
wine,496,5.95,2.19,4.78,2.34,5.31,2.15,72,vino,vinho
young,1038,6.89,2.12,5.64,2.51,5.3,2.49,385,joven,jovem
wink,1033,6.93,1.83,5.44,2.68,5.7,1.77,7,guiño,piscar os olhos
youth,1039,6.75,2.29,5.67,2.52,5.11,2.55,82,juventud,juventude
wise,497,7.52,1.23,3.91,2.64,6.7,2.39,36,sabio,sábio
zest,1040,6.79,2.04,5.59,2.66,6,1.99,5,ánimo,entusiasmo
abduction,621,2.76,2.06,5.53,2.43,3.49,2.38,1,secuestro,abdução
anguished,19,2.12,1.56,5.33,2.69,3.45,2.37,2,angustiado,angustiado
abortion,622,3.5,2.3,5.39,2.8,4.59,2.54,6,aborto,aborto
ankle,638,5.27,1.54,4.16,2.03,4.77,1.74,8,tobillo,tornozelo
absurd,623,4.26,1.82,4.36,2.2,4.73,1.72,17,absurdo,absurdo
annoy,20,2.74,1.81,6.49,2.17,5.09,2.04,2,molestar,aborrecer
abundance,624,6.59,2.01,5.51,2.63,5.8,2.16,13,abundancia,abundância
answer,639,6.63,1.68,5.41,2.43,5.85,1.88,152,responder,responder
abuse,1,1.8,1.23,6.83,2.7,3.69,2.94,18,abuso,abuso
anxious,21,4.81,1.98,6.92,1.81,5.33,1.82,29,ansioso,ansioso
acceptance,625,7.98,1.42,5.4,2.7,6.64,1.91,49,aceptación,aceitação
applause,640,7.5,1.5,5.8,2.79,6.48,2.11,14,aplausos,aplauso
accident,2,2.05,1.19,6.26,2.87,3.76,2.22,33,accidente,acidente
appliance,641,5.1,1.21,4.05,2.06,5.05,1.34,5,aparato,aplicação
ace,626,6.88,1.93,5.5,2.66,6.39,2.31,15,as,ás
arm,642,5.34,1.82,3.59,2.4,5.07,1.5,94,brazo,braço
ache,627,2.46,1.52,5,2.45,3.54,1.73,4,dolor,doer
army,23,4.72,1.75,5.03,2.03,5.03,2.45,132,ejército,exército
achievement,3,7.89,1.38,5.53,2.81,6.56,2.35,65,logro,realização
aroused,24,7.97,1,6.63,2.7,6.14,1.97,20,despertado,despertado
activate,4,5.46,0.98,4.86,2.56,5.43,1.84,2,activar,ativar
arrogant,25,3.69,2.4,5.65,2.23,5.14,2.71,2,arrogante,arrogante
addict,581,2.48,2.08,5.66,2.26,3.72,2.54,1,adicto,viciado
art,643,6.68,2.1,4.86,2.88,5.3,2.33,208,arte,arte
addicted,628,2.51,1.42,4.81,2.46,3.46,2.23,3,adicto,viciado
assassin,26,3.09,2.09,6.28,2.53,4.33,2.68,6,asesino,assassino
admired,5,7.74,1.84,6.11,2.36,7.53,1.94,17,admirado,admirado
assault,27,2.03,1.55,7.51,2.28,3.94,3.1,15,asalto,assalto
adorable,6,7.81,1.24,5.12,2.71,5.74,2.48,3,adorable,adorável
astonished,28,6.56,1.61,6.58,2.22,5.16,1.79,6,asombrado,atônito
adult,546,6.49,1.5,4.76,1.95,5.75,2.21,25,adulto,adulto
astronaut,501,6.66,1.6,5.28,2.11,5.2,1.95,2,astronauta,astronauta
advantage,629,6.95,1.85,4.76,2.18,6.36,2.23,73,ventaja,vantagem
athletics,644,6.61,2.08,6.1,2.29,6.12,2.12,9,atletismo,atletismo
adventure,630,7.6,1.5,6.98,2.15,6.46,1.67,14,aventura,aventura
autumn,29,6.3,2.14,4.51,2.5,5.15,1.85,22,otoño,outono
affection,7,8.39,0.86,6.21,2.75,6.08,2.22,18,afecto,afeição
avalanche,645,3.29,1.95,5.54,2.37,3.61,2,1,avalancha,avalanche
afraid,8,2,1.28,6.67,2.54,3.98,2.63,57,asustado,com medo
avenue,646,5.5,1.37,4.12,2.01,5.4,1.53,46,avenida,avenida
aggressive,9,5.1,1.68,5.83,2.33,5.59,2.4,17,agresivo,agressivo
awed,30,6.7,1.38,5.74,2.31,5.3,2.03,5,awed,awed
agility,22,6.46,1.57,4.85,1.8,5.87,1.52,3,agilidad,agilidade
baby,31,8.22,1.2,5.53,2.8,5,2.8,62,bebé,bebê
agony,10,2.43,2.17,6.06,2.67,4.02,2.49,9,agonía,agonia
bake,647,6.17,1.71,5.1,2.3,5.49,1.88,12,cocción,assar
agreement,631,7.08,1.59,5.02,2.24,6.22,1.85,106,acuerdo,acordo
bandage,648,4.54,1.75,3.9,2.07,4.52,1.89,4,vendaje,bandagem
air,632,6.34,1.56,4.12,2.3,5.1,1.56,257,aire,ar
bankrupt,32,2,1.31,6.21,2.79,3.27,2.39,5,arruinado,falido
alcoholic,582,2.84,2.34,5.69,2.36,4.45,2.56,3,alcohólico,alcoólatra
banner,649,5.4,0.83,3.83,1.95,4.8,1.57,8,bandera,bandeira
alert,11,6.2,1.76,6.85,2.53,5.96,2.24,33,alertar,alertar
bar,650,6.42,2.05,5,2.83,5.47,1.94,82,bar,bar
alien,633,5.6,1.82,5.45,2.15,4.64,2.07,16,extranjero,alienígena
barrel,651,5.05,1.46,3.36,2.28,4.89,1.57,24,barril,barril
alimony,634,3.95,2,4.3,2.29,4.63,2.3,2,pensión alimenticia,pensão de alimentos
basket,547,5.45,1.15,3.63,2.02,5.76,1.45,17,canasta,cesta
alive,635,7.25,2.22,5.5,2.74,6.39,2.15,57,vivo,vivo
bastard,33,3.36,2.16,6.07,2.15,4.17,2.4,12,cabrón,bastardo
allergy,636,3.07,1.64,4.64,2.34,3.21,1.77,1,alergia,alergia
bath,502,7.33,1.45,4.16,2.31,6.41,1.87,26,baño,banho
alley,637,4.48,1.97,4.91,2.42,4,1.7,8,callejón,beco
bathroom,548,5.55,1.36,3.88,1.72,5.65,1.59,18,cuarto de baño,banheiro
alone,12,2.41,1.77,4.83,2.66,3.7,2.42,195,solo,sozinho
bathtub,652,6.69,1.57,4.36,2.59,5.76,1.76,4,bañera,banheira
aloof,13,4.9,1.92,4.28,2.1,4.69,1.92,5,a distancia,indiferente
beach,34,8.03,1.59,5.53,3.07,5.44,2.52,61,playa,praia
ambition,14,7.04,1.98,5.61,2.92,6.93,2.07,19,ambición,ambição
beast,653,4.23,2.41,5.57,2.61,4.89,2.29,7,bestia,besta
ambulance,15,2.47,1.5,7.33,1.96,3.22,2.29,6,ambulancia,ambulância
beautiful,654,7.6,1.64,6.17,2.34,6.29,1.81,127,hermoso,belo
angel,16,7.53,1.58,4.83,2.63,4.97,2.34,18,ángel,anjo
beauty,35,7.82,1.16,4.95,2.57,5.53,2.1,71,belleza,beleza
anger,17,2.34,1.32,7.63,1.91,5.5,2.82,48,ira,raiva
bed,549,7.51,1.38,3.61,2.56,6.88,1.78,127,cama,cama
angry,18,2.85,1.7,7.17,2.07,5.55,2.74,45,enojado,zangado
bees,583,3.2,2.07,6.51,2.14,4.16,2.11,15,abejas,abelhas
beggar,36,3.22,2.02,4.91,2.45,4.09,2.38,2,mendigo,mendigo
brutal,53,2.8,1.9,6.6,2.36,4.59,2.7,7,brutal,brutal
bench,655,4.61,1.4,3.59,2.07,4.68,1.38,35,banco,banco
building,550,5.29,1.15,3.92,1.94,5.25,1.57,160,edificio,edifício
bereavement,656,4.57,1.7,4.2,2.15,4.33,1.73,4,duelo,perda
bullet,673,3.29,2.06,5.33,2.48,3.9,2.61,28,bala,bala
betray,37,1.68,1.02,7.24,2.06,4.92,2.97,4,traicionar,trair
bunny,54,7.24,1.32,4.06,2.61,4.97,2.18,1,conejito,coelho
beverage,657,6.83,1.48,5.21,2.46,5.63,2.17,5,bebida,bebida
burdened,55,2.5,1.32,5.63,2.07,5.03,2.35,4,carga,sobrecarregados
bird,38,7.27,1.36,3.17,2.23,4.42,2.26,31,pájaro,pássaro
burial,56,2.05,1.41,5.08,2.4,3.55,1.95,11,entierro,enterro
birthday,39,7.84,1.92,6.68,2.11,5.89,2.61,18,cumpleaños,aniversário
burn,586,2.73,1.72,6.22,1.91,4.22,1.83,15,quemar,queimar
black,543,5.39,1.8,4.61,2.24,5.14,1.79,203,negro,preto
bus,541,4.51,1.57,3.55,1.8,4.84,1.75,34,autobús,ônibus
blackmail,40,2.95,1.95,6.03,2.7,3.54,2.67,2,chantaje,chantagem
busybody,674,5.17,2.02,4.84,2.41,5.45,1.97,.,entrometido,pessoa intrometida
bland,658,4.1,1.08,3.29,1.89,4.88,1.27,3,amable,brando
butter,57,5.33,1.2,3.17,1.84,4.67,1.69,27,mantequilla,manteiga
blase,41,4.89,1.16,3.94,1.76,4.57,1.44,7,hastiado,saciado
butterfly,58,7.17,1.2,3.47,2.39,4.65,2.27,2,mariposa,borboleta
blasphemy,659,3.75,2.26,4.93,2.34,4.75,1.59,4,blasfemia,blasfêmia
cabinet,675,5.05,0.31,3.43,1.85,4.73,1.66,17,gabinete,gabinete
bless,42,7.19,1.69,4.05,2.59,5.52,2.22,9,bendecir,abençoar
cake,59,7.26,1.27,5,2.37,5.16,2.05,9,pastel,bolo
blind,43,3.05,1.99,4.39,2.36,3.28,1.91,47,ciego,cego
cancer,60,1.5,0.85,6.42,2.83,3.42,2.99,25,cáncer,câncer
bliss,660,6.95,2.24,4.41,2.95,6.12,2.15,4,dicha,felicidade
candy,61,6.54,2.09,4.58,2.4,5.33,1.91,16,caramelo,doce
blister,661,2.88,1.75,4.1,2.34,3.98,1.9,3,ampolla,bolha
cane,677,4,1.8,4.2,1.93,4.27,1.95,12,caña,cana
blond,662,6.43,2.04,5.07,2.7,5.74,1.67,11,rubio,loiro
cannon,678,4.9,2.2,4.71,2.84,5.17,2.29,7,cañón,canhão
bloody,584,2.9,1.98,6.41,2,3.96,1.89,8,sangriento,sangrento
capable,62,7.16,1.39,5.08,2.07,6.47,1.94,66,capaz,capaz
blossom,44,7.26,1.18,5.03,2.65,5.53,2.21,7,flor,flor
car,551,7.73,1.63,6.24,2.04,6.98,2.06,274,coche,carro
blubber,663,3.52,1.99,4.57,2.38,3.86,1.97,1,grasa de ballena,gordura
carcass,679,3.34,1.92,4.83,2.07,4.9,1.79,7,cuerpo,carcaça
blue,544,6.76,1.78,4.31,2.2,5.63,1.64,143,azul,azul
carefree,63,7.54,1.38,4.17,2.84,5.78,2.5,9,despreocupado,despreocupado
board,664,4.82,1.23,3.36,2.12,4.98,1.77,239,bordo,conselho
caress,64,7.84,1.16,5.14,3,5.83,2.13,1,caricia,carícia
body,665,5.55,2.37,5.52,2.63,5.34,2.12,276,cuerpo,corpo
cash,503,8.37,1,7.37,2.21,6.96,2.39,36,efectivo,numerário
bold,45,6.8,1.61,5.6,2.21,6.67,1.81,21,audaz,negrito
casino,680,6.81,1.66,6.51,2.12,5.12,2.15,2,casino,cassino
bomb,46,2.1,1.19,7.15,2.4,4.54,2.88,36,bomba,bomba
cat,504,5.72,2.43,4.38,2.24,6.16,2.05,.,gato,gato
book,47,5.72,1.54,4.17,2.49,5.3,2.05,193,libro,livro
cell,587,3.82,1.7,4.08,2.19,4.12,2.13,65,célula,célula
bored,48,2.95,1.35,2.83,2.31,4.11,1.7,14,perforado,entediado
cellar,681,4.32,1.68,4.39,2.33,4.66,1.61,26,bodega,adega
bottle,666,6.15,1.49,4.79,2.44,4.78,1.65,76,botella,garrafa
cemetery,65,2.63,1.4,4.82,2.66,4.27,2.14,15,cementerio,cemitério
bouquet,667,7.02,1.84,5.46,2.47,6.15,1.8,4,ramo,buquê
chair,66,5.08,0.98,3.15,1.77,4.56,1.6,66,silla,cadeira
bowl,49,5.33,1.33,3.47,2.12,4.69,1.67,23,cuenco,tigela
champ,682,7.18,1.97,6,2.43,6.77,2,1,campeón,campeão
boxer,585,5.51,1.8,5.12,2.26,5.1,1.64,1,boxeador,boxeador
champion,67,8.44,0.9,5.85,3.15,6.5,2.85,23,campeón,campeão
boy,50,6.32,1.6,4.58,2.37,5.34,2.2,242,niño,menino
chance,683,6.02,1.77,5.38,2.58,4.64,1.93,131,oportunidad,chance
brave,668,7.15,1.64,6.15,2.45,7.22,1.86,24,valiente,corajoso
chaos,684,4.17,2.36,6.67,2.06,3.86,1.95,17,caos,caos
breast,51,6.5,1.78,5.37,2.39,5.39,2.27,11,pecho,peito
charm,68,6.77,1.58,5.16,2.25,5.57,2.25,26,encanto,charme
breeze,669,6.85,1.71,4.37,2.32,5.54,1.67,14,brisa,brisa
cheer,69,8.1,1.17,6.12,2.45,6,2.06,8,animar,alegrar
bride,670,7.34,1.71,5.55,2.74,5.74,2.36,33,novia,noiva
child,70,7.08,1.98,5.55,2.29,5.1,2.3,213,niño,criança
bright,671,7.5,1.55,5.4,2.33,6.34,1.82,87,brillante,brilhante
chin,685,5.29,1.27,3.31,1.98,5.26,1.48,27,mentón,queixo
broken,672,3.05,1.92,5.43,2.42,4.14,1.62,63,roto,quebrado
chocolate,505,6.88,1.89,5.29,2.55,5.18,1.97,9,chocolate,chocolate
brother,52,7.11,2.17,4.71,2.68,5.12,2.31,73,hermano,irmão
christmas,686,7.8,1.55,6.27,2.56,5.37,2.09,27,Navidad,Natal
church,71,6.28,2.31,4.34,2.45,5,2.42,348,iglesia,igreja
cozy,88,7.39,1.53,3.32,2.28,4.89,2.28,1,acogedor,aconchegante
circle,687,5.67,1.26,3.86,2.13,5.03,1.46,60,círculo,círculo
crash,89,2.31,1.44,6.95,2.44,3.44,2.21,20,chocar,colidir
circus,72,7.3,1.84,5.97,2.59,5.39,2.25,7,circo,circo
crime,704,2.89,2.06,5.41,2.69,4.12,2.24,34,crimen,crime
city,73,6.03,1.37,5.24,2.53,5.74,2.08,393,ciudad,cidade
criminal,705,2.93,1.66,4.79,2.51,3.34,1.73,24,criminal,criminal
cliff,553,4.67,2.08,6.25,2.15,4.35,2.11,11,acantilado,penhasco
crisis,706,2.74,2.23,5.44,3.07,3.6,2.47,82,crisis,crise
clock,688,5.14,1.54,4.02,2.54,4.67,1.97,20,reloj,relógio
crown,90,6.58,1.42,4.28,2.53,6.06,2.15,19,corona,coroa
clothing,74,6.54,1.85,4.78,2.88,5.33,2.14,20,ropa,roupa
crucify,91,2.23,1.72,6.47,2.47,3.74,2.48,2,crucificar,crucificar
clouds,533,6.18,2.18,3.3,2.08,5.22,1.66,38,nubes,nuvens
crude,707,3.12,1.65,5.07,2.37,4.27,1.94,15,crudo,bruto
clumsy,689,4,2.22,5.18,2.4,3.86,1.79,6,torpe,desajeitado
cruel,92,1.97,1.67,5.68,2.65,4.24,2.84,15,cruel,cruel
coarse,690,4.55,1.42,4.21,1.84,5,1.43,10,grueso,grosseiro
crushed,93,2.21,1.74,5.52,2.87,3.36,2.69,10,aplastado,esmagada
coast,691,5.98,1.86,4.59,2.31,5.67,1.71,61,costa,costa
crutch,708,3.43,1.62,4.14,2.05,3.91,1.79,1,muleta,muleta
cockroach,75,2.81,2.11,6.11,2.78,4.74,2.58,2,cucaracha,barata
cuddle,94,7.72,1.92,4.4,2.67,5.85,2.42,.,abrazo,aconchegar
coffin,76,2.56,1.96,5.03,2.79,4.08,2.54,7,ataúd,caixão
cuisine,709,6.64,1.48,4.39,1.99,5.41,1.19,1,cocina,cozinha
coin,692,6.02,1.96,4.29,2.48,5.66,1.68,10,moneda,moeda
curious,95,6.08,1.63,5.82,1.64,5.42,1.6,46,curioso,curioso
cold,693,4.02,1.99,5.19,2.23,4.69,1.73,171,frío,frio
curtains,710,4.83,0.83,3.67,1.83,5.05,1.56,8,cortinas,cortinas
color,694,7.02,1.57,4.73,2.64,6.17,1.82,141,color,cor
custom,96,5.85,1.53,4.66,2.12,5,1.87,14,costumbre,personalizado
column,695,5.17,0.85,3.62,1.91,4.81,1.58,71,columna,coluna
cut,711,3.64,2.08,5,2.32,4.7,1.98,192,cortar,cortar
comedy,77,8.37,0.94,5.85,2.81,5.44,2.08,39,comedia,comédia
cute,97,7.62,1.01,5.53,2.71,4.86,2.32,5,lindo,bonitinho
comfort,696,7.07,2.14,3.93,2.85,5.7,2.05,43,comodidad,conforto
cyclone,98,3.6,2.38,6.36,2.89,4.89,2.56,.,ciclón,ciclone
computer,552,6.24,1.61,4.75,1.93,5.29,1.99,13,ordenador,computador
dagger,99,3.38,1.77,6.14,2.64,4.52,2.27,1,daga,punhal
concentrate,78,5.2,1.28,4.65,2.13,4.97,1.75,11,concentrarse,concentrar
damage,712,3.05,1.65,5.57,2.26,3.88,1.86,33,daño,dano
confident,79,7.98,1.29,6.22,2.41,7.68,1.94,16,seguro,confiante
dancer,507,7.14,1.56,6,2.2,6.02,1.93,31,bailarín,dançarina
confused,80,3.21,1.51,6.03,1.88,4.24,1.91,44,confundido,confuso
danger,713,2.95,2.22,7.32,2.07,3.59,2.31,70,peligro,perigo
consoled,81,5.78,1.64,4.53,2.22,4.44,1.84,2,consoló,consolou
dark,714,4.71,2.36,4.28,2.21,4.84,2.15,185,oscuro,escuro
contempt,82,3.85,2.13,5.28,2.04,5.13,1.73,15,desprecio,desprezo
dawn,715,6.16,2.33,4.39,2.81,5.16,2.23,28,amanecer,madrugada
contents,83,4.89,0.89,4.32,2.14,4.85,1.49,16,contenido,conteúdo
daylight,716,6.8,2.17,4.77,2.5,5.48,2.14,15,luz,luz do dia
context,84,5.2,1.38,4.22,2.24,5.17,1.39,2,contexto,contexto
dazzle,717,7.29,1.09,6.33,2.02,5.62,1.81,1,deslumbrar,deslumbrar
controlling,85,3.8,2.25,6.1,2.19,5.17,3.15,23,controlador,controlador
dead,588,1.94,1.76,5.73,2.73,2.84,2.32,174,muerto,morto
cook,697,6.16,1.89,4.44,1.96,5.14,1.49,47,cocinar,cozinhar
death,100,1.61,1.4,4.59,3.07,3.47,2.5,277,muerte,morte
cord,698,5.1,1.09,3.54,2.09,5,1.22,6,cable,cordão
debt,101,2.22,1.17,5.68,2.74,3.02,2.16,13,deuda,dívida
cork,699,5.22,1.13,3.8,2.18,4.98,1.04,9,corcho,cortiça
deceit,718,2.9,1.63,5.68,2.46,3.95,2.12,2,engaño,engano
corner,700,4.36,1.21,3.91,1.92,4.12,1.66,115,esquina,canto
decompose,102,3.2,1.81,4.65,2.39,4.02,1.91,1,descomponer,decompor
corpse,86,2.18,1.48,4.74,2.94,3.59,2.44,7,cadáver,cadáver
decorate,719,6.93,1.3,5.14,2.39,6.05,1.86,2,decorar,decorar
corridor,701,4.88,1.14,3.63,2.41,5,1.48,17,corredor,corredor
defeated,103,2.34,1.66,5.09,3,3.11,2.34,15,derrotado,derrotado
corrupt,702,3.32,2.32,4.67,2.35,4.64,2.3,8,corrupto,corrupto
defiant,104,4.26,2.12,6.1,2.51,5.77,2.4,3,desafiante,desafiador
cottage,87,6.45,1.52,3.39,2.54,5.39,1.78,19,casa de campo,casa de campo
deformed,720,2.41,1.66,4.07,2.34,3.95,2.18,.,deformado,deformado
couple,506,7.41,1.97,6.39,2.31,6.02,2.28,122,pareja,casal
delayed,721,3.07,1.74,5.62,2.39,3.64,1.94,25,retrasado,atrasado
cow,554,5.57,1.53,3.49,2.13,5.32,1.61,29,vaca,vaca
delight,105,8.26,1.04,5.44,2.88,5.79,2.24,29,deleitar,deliciar
coward,703,2.74,1.64,4.07,2.19,2.83,1.61,8,cobarde,covarde
demon,106,2.11,1.56,6.76,2.68,4.89,2.89,9,demonio,demônio
dentist,589,4.02,2.23,5.73,2.13,3.8,2.16,12,dentista,dentista
dreadful,131,2.26,1.91,5.84,2.62,4.1,2.36,10,terrible,terrível
depressed,107,1.83,1.42,4.72,2.95,2.74,2.13,11,deprimido,deprimido
dream,132,6.73,1.75,4.53,2.72,5.53,1.98,64,sueño,sonho
depression,108,1.85,1.67,4.54,3.19,2.91,2.27,24,depresión,depressão
dreary,731,3.05,1.58,2.98,2.18,3.81,1.64,6,triste,triste
derelict,722,4.28,1.84,4.1,1.94,4.78,1.56,1,abandonado,abandonado
dress,133,6.41,1.34,4.05,1.89,5,1.89,67,vestir,vestir
deserter,109,2.45,1.8,5.5,2.55,3.77,2.29,.,desertor,desertor
drown,591,1.92,1.48,6.57,2.33,2.86,1.99,3,ahogarse,afogar
desire,508,7.69,1.39,7.35,1.76,6.49,1.83,79,deseo,desejo
dummy,732,3.38,1.7,4.35,2.25,3.67,2.02,3,maniquí,manequim
despairing,110,2.43,1.47,5.68,2.37,3.43,2.11,4,desesperado,desesperado
dump,733,3.21,1.87,4.12,2.36,3.83,1.87,4,arrojar,despejar
despise,111,2.03,1.38,6.28,2.43,4.72,2.8,7,despreciar,desprezar
dustpan,555,3.98,1.68,3.43,2,5.45,1.81,.,recogedor,pá de lixo
destroy,112,2.64,2.03,6.83,2.38,4.94,2.86,48,destruir,destruir
earth,134,7.15,1.67,4.24,2.49,5.61,2.3,150,tierra,terra
destruction,723,3.16,2.44,5.82,2.71,3.93,2.29,38,destrucción,destruição
easy,734,7.1,1.91,4.48,2.82,7,1.63,125,fácil,fácil
detached,113,3.86,1.88,4.26,2.57,3.63,2.15,12,separado,destacado
easygoing,135,7.2,1.5,4.3,2.52,5.25,1.75,1,acomodadizo,calma
detail,724,5.55,1.58,4.1,2.24,5.21,1.6,72,detalle,detalhe
eat,136,7.47,1.73,5.69,2.51,5.6,2.12,61,comer,comer
detest,114,2.17,1.3,6.06,2.39,5.83,2.6,1,detestar,detestar
ecstasy,735,7.98,1.52,7.38,1.92,6.68,2.08,6,éxtasis,êxtase
devil,115,2.21,1.99,6.07,2.61,5.35,2.75,25,diablo,diabo
education,137,6.69,1.77,5.74,2.46,6.15,2.35,214,educación,educação
devoted,116,7.41,1.37,5.23,2.21,6.18,2.36,51,dedicado,devotado
egg,736,5.29,1.82,3.76,2.39,4.49,2.16,12,huevo,ovo
diamond,117,7.92,1.2,5.53,2.96,5.54,2.28,8,diamante,diamante
elated,138,7.45,1.77,6.21,2.3,5.53,2.35,3,exaltado,exultante
dignified,118,7.1,1.26,4.12,2.29,6.12,2.4,7,digno,digno
elbow,737,5.12,0.92,3.81,2.14,4.88,1.52,10,codo,cotovelo
dinner,509,7.16,1.5,5.43,2.14,6.1,1.87,91,cena,jantar
elegant,139,7.43,1.26,4.53,2.65,5.95,2.09,14,elegante,elegante
diploma,119,8,1.39,5.67,2.8,6.76,2.5,.,diploma,diploma
elevator,738,5.44,1.18,4.16,1.99,4.32,1.69,12,ascensor,elevador
dirt,725,4.17,1.77,3.76,2.26,4.83,1.82,43,suciedad,sujeira
embarrassed,140,3.03,1.85,5.87,2.55,2.87,1.99,8,avergonzado,vergonha
dirty,590,3.08,2.05,4.88,2.29,4.7,2.12,36,sucio,sujo
embattled,141,4.39,1.63,5.36,2.37,4.81,1.79,1,en orden de batalla,preparado para combate
disappoint,120,2.39,1.44,4.92,2.64,3.29,2.32,.,decepcionar,desiludir
employment,147,6.47,1.81,5.28,2.12,5.73,2.08,47,empleo,emprego
disaster,121,1.73,1.13,6.33,2.7,3.52,2.42,26,desastre,desastre
engaged,143,8,1.38,6.77,2.07,6.49,2.22,47,ocupado,contratado
discomfort,726,2.19,1.23,4.17,2.44,3.86,2.26,7,malestar,desconforto
engine,148,5.2,1.18,3.98,2.33,5,1.77,50,motor,motor
discouraged,122,3,2.16,4.53,2.11,3.61,2.01,15,desalentado,desencorajado
enjoyment,145,7.8,1.2,5.2,2.72,6.46,1.77,21,disfrute,gozo
disdainful,123,3.68,1.9,5.04,2.14,4.55,1.92,2,desdeñoso,desdenhoso
ennui,146,5.09,1.76,4.4,2.33,4.67,1.8,.,tedio,tédio
disgusted,124,2.45,1.41,5.42,2.59,4.34,1.94,6,disgustado,enojado
enraged,149,2.46,1.65,7.97,2.17,6.33,2.92,1,enfurecido,enfureceu
disloyal,125,1.93,1.61,6.56,2.21,3.79,2.75,2,desleal,desleal
erotic,512,7.43,1.53,7.24,1.97,6.39,2.16,8,erótico,erótico
displeased,126,2.79,2.23,5.64,2.48,4.19,2.19,7,disgustado,descontente
errand,150,4.58,1.74,3.85,1.92,4.78,1.51,7,recado,incumbência
distressed,127,1.94,1.1,6.4,2.38,3.76,2.41,4,angustiado,angustiado
event,740,6.21,1.63,5.1,2.4,5.52,1.57,81,evento,evento
disturb,727,3.66,2,5.8,2.39,4.55,1.9,10,molestar,perturbar
evil,741,3.23,2.64,6.39,2.44,5.25,2.6,72,mal,mal
diver,510,6.45,1.55,5.04,2.1,5.04,1.91,1,buzo,mergulhador
excellence,151,8.38,0.96,5.54,2.67,7.28,2.32,15,excelencia,excelência
divorce,128,2.22,1.88,6.33,2.71,3.26,2.24,29,divorcio,divórcio
excitement,152,7.5,2.2,7.67,1.91,6.18,2.17,32,emoción,excitação
doctor,129,5.2,2.54,5.86,2.7,4.89,2.75,100,médico,médico
excuse,153,4.05,1.41,4.48,2.29,4.07,2.1,27,excusar,desculpar
dog,511,7.57,1.66,5.76,2.5,6.25,2.1,75,perro,cão
execution,154,2.37,2.06,5.71,2.74,4.11,2.66,15,ejecución,execução
doll,728,6.09,1.96,4.24,2.43,4.61,2.07,10,muñeca,boneca
exercise,155,7.13,1.58,6.84,2.06,5.68,2.44,58,ejercer,exercer
dollar,729,7.47,1.72,6.07,2.67,6.33,2.42,46,dólar,dólar
fabric,742,5.3,1.2,4.14,1.98,5.03,1.61,15,tela,tecido
door,130,5.13,1.44,3.8,2.29,4.69,1.72,312,puerta,porta
face,556,6.39,1.6,5.04,2.18,5.67,1.58,371,cara,face
dove,730,6.9,1.54,3.79,2.28,5.48,1.7,4,paloma,pomba
failure,156,1.7,1.07,4.95,2.81,2.4,2.18,89,fracaso,falha
fall,743,4.09,2.21,4.7,2.48,4,2.15,147,caer,cair
friend,174,7.74,1.24,5.74,2.57,6.74,1.89,133,amigo,amigo
FALSE,744,3.27,1.4,3.43,2.09,4.1,1.56,29,FALSO,FALSO
friendly,175,8.43,1.08,5.11,2.96,5.92,2.42,61,amistoso,amigável
fame,157,7.93,1.29,6.55,2.46,6.85,2.14,18,fama,fama
frigid,758,3.5,1.85,4.75,2.56,4.27,1.98,5,frígido,frígido
family,158,7.65,1.55,4.8,2.71,6,1.87,331,familia,família
frog,176,5.71,1.74,4.54,2.03,5.34,1.96,1,rana,sapo
famous,745,6.98,2.07,5.73,2.68,6.32,2.18,89,famoso,famoso
frustrated,177,2.48,1.64,5.61,2.76,3.5,2.12,10,frustrado,frustrado
fantasy,746,7.41,1.9,5.14,2.82,6.43,2.05,14,fantasía,fantasia
fun,759,8.37,1.11,7.22,2.01,6.8,1.85,44,diversión,diversão
farm,557,5.53,1.85,3.9,1.95,5.59,1.81,125,granja,fazenda
funeral,178,1.39,0.87,4.94,3.21,2.97,2.55,33,funeral,funeral
fascinate,159,7.34,1.68,5.83,2.73,6.15,1.89,3,fascinar,fascinar
fungus,179,3.06,1.75,4.68,2.33,4.06,1.94,2,hongo,fungo
fat,160,2.28,1.92,4.81,2.8,4.47,3.06,60,grasa,gordura
fur,180,4.51,1.88,4.18,2.44,4.32,1.97,13,piel,pele
father,161,7.08,2.2,5.92,2.6,5.63,2.89,383,padre,pai
game,760,6.98,1.97,5.89,2.37,5.7,1.65,123,juego,jogo
fatigued,162,3.28,1.43,2.64,2.19,3.78,1.97,3,fatigado,fatigado
gangrene,181,2.28,1.91,5.7,2.96,3.36,2.34,.,gangrena,gangrena
fault,747,3.43,1.38,4.07,1.69,4.02,1.66,22,culpa,culpa
garbage,182,2.98,1.96,5.04,2.5,4.24,2.02,7,basura,lixo
favor,748,6.46,1.52,4.54,1.86,5.67,1.76,78,favorecer,favorecer
garden,761,6.71,1.74,4.39,2.35,6.02,1.71,60,jardín,jardim
fear,592,2.76,2.12,6.96,2.17,3.22,2.2,127,miedo,medo
garment,762,6.07,1.61,4.49,2.5,5.3,1.96,6,prenda,vestuário
fearful,163,2.25,1.18,6.33,2.28,3.64,2.18,13,temeroso,temeroso
garter,534,6.22,1.59,5.47,2.15,5.82,1.62,2,liga,liga
feeble,164,3.26,1.47,4.1,2.07,2.71,1.64,8,débil,débil
gender,763,5.73,1.55,4.38,2.13,5.6,1.84,2,género,sexo
festive,749,7.3,2.26,6.58,2.29,5.77,2.34,2,festivo,festivo
gentle,183,7.31,1.3,3.21,2.57,5.1,2.16,27,suave,suave
fever,750,2.76,1.64,4.29,2.31,3.52,2.15,19,fiebre,febre
germs,764,2.86,1.39,4.49,2.24,3.79,1.59,1,gérmenes,germes
field,558,6.2,1.37,4.08,2.41,5.84,1.94,274,campo,campo
gift,184,7.77,2.24,6.14,2.76,5.52,2.54,33,regalo,dom
fight,751,3.76,2.63,7.15,2.19,5.27,2.69,98,luchar,lutar
girl,185,6.87,1.64,4.29,2.69,5.8,2.16,220,chica,menina
filth,165,2.47,1.68,5.12,2.32,3.81,2.06,2,inmundicia,sujeira
glacier,186,5.5,1.25,4.24,2.29,4.92,2.12,1,glaciar,geleira
finger,752,5.29,1.42,3.78,2.42,5.05,1.7,40,dedo,dedo
glamour,187,6.76,1.6,4.68,2.23,5.76,2.49,5,glamour,fascinação
fire,166,3.22,2.06,7.17,2.06,4.49,2.49,187,fuego,fogo
glass,765,4.75,1.38,4.27,2.07,5,1.46,99,vidrio,vidro
fireworks,513,7.55,1.5,6.67,2.12,5.51,1.98,5,fuegos artificiales,fogos de artifício
gloom,188,1.88,1.23,3.83,2.33,3.55,2.07,14,oscuridad,melancolia
fish,559,6.04,1.94,4,2.19,6.02,1.68,35,pescado,peixe
glory,189,7.55,1.68,6.02,2.71,6.85,2.23,21,gloria,glória
flabby,167,2.66,1.87,4.82,2.81,3.31,1.9,.,fofo,flácido
god,190,8.15,1.27,5.95,2.84,5.88,2.89,318,dios,deus
flag,753,6.02,1.66,4.6,2.35,5.5,1.66,16,bandera,bandeira
gold,191,7.54,1.63,5.76,2.79,5.85,2.46,52,oro,ouro
flirt,754,7.52,1.19,6.91,1.69,6.24,2.33,1,coquetear,flertar
golfer,535,5.61,1.93,3.73,2.26,5.55,1.79,3,golfista,jogador de golfe
flood,755,3.19,1.66,6,2.02,3.24,2.14,19,inundación,inundação
good,766,7.47,1.45,5.43,2.85,6.41,2.05,807,bueno,bom
flower,168,6.64,1.78,4,2.44,4.98,2.17,23,flor,flor
gossip,767,3.48,2.33,5.74,2.38,3.57,2.26,13,chismes,fofoca
foam,756,6.07,2.03,5.26,2.54,5.24,1.97,37,espuma,espuma
graduate,192,8.19,1.13,7.25,2.25,6.94,2.44,30,graduarse,pós-graduação
food,514,7.65,1.37,5.92,2.11,6.18,2.48,147,alimento,comida
grass,768,6.12,1.44,4.14,2.11,5.44,1.36,53,hierba,grama
foot,757,5.02,0.93,3.27,1.98,4.98,1.42,70,pie,pé
grateful,193,7.37,0.97,4.58,2.14,6.18,1.77,25,agradecido,grato
fork,560,5.29,0.97,3.96,1.94,5.74,1.52,14,tenedor,garfo
greed,769,3.51,1.93,4.71,2.26,4.88,2.03,3,codicia,ganância
foul,169,2.81,1.52,4.93,2.23,4.51,1.89,4,falta,falta
green,194,6.18,2.05,4.28,2.46,4.82,2.05,116,verde,verde
fragrance,170,6.07,1.97,4.79,2.54,5.14,1.91,6,fragancia,fragrância
greet,770,7,1.52,5.27,2.31,5.95,2.07,7,saludar,cumprimentar
fraud,171,2.67,1.66,5.75,2.45,3.58,2.5,8,fraude,fraude
grenade,771,3.6,1.88,5.7,2.52,4.29,2.5,3,granada,granada
free,172,8.26,1.31,5.15,3.04,6.35,2.4,260,libre,livre
grief,195,1.69,1.04,4.78,2.84,3.5,2.35,10,dolor,dor
freedom,173,7.58,2.04,5.52,2.72,6.76,2.29,128,libertad,liberdade
grime,772,3.37,1.34,3.98,2.29,4.47,1.28,.,mugre,sujeira